path,size,last_modified
./tasks/tasks-0004-prd-media-model-v1.md,42272,2025-11-18 09:19:29
./tasks/tasks-0003-prd-foundational-architecture.md,18508,2025-11-13 02:06:57
./tasks/tasks-0001-prd-quick-fixes.md,14375,2025-11-12 10:36:13
./tasks/0001-prd-quick-fixes.md,25255,2025-11-09 20:17:37
./tasks/execution-plan-0003.md,13163,2025-11-13 02:08:17
./tasks/0003-prd-foundational-architecture.md,16217,2025-11-13 02:01:03
./tasks/0002-prd-dual-env-image-persistence.md,13927,2025-11-12 13:06:02
./tasks/0004-prd-media-model-v1.md,23895,2025-11-13 15:31:04
./tasks/PROTOCOLS.md,9264,2025-11-09 20:17:37
./tasks/tasks-0002-prd-dual-env-image-persistence.md,11704,2025-11-12 16:34:19
./CONTEXT.md,20383,2025-11-13 02:47:53
./CHANGELOG.md,1680,2025-11-12 10:36:13
./replit.md,5981,2025-11-09 20:17:37
./design_guidelines.md,7649,2025-11-07 11:42:10
./docs/ADRs/ADR-001-db-keys.md,4554,2025-11-12 10:36:13
./FOUNDATION.md,47501,2025-11-14 10:41:10
